Frecuencia(Hz);%Magnitud_X(g);%Magnitud_Y(g);%Magnitud_Z(g);%Magnitud_RMS(g)
Frecuencia(Hz);%Magnitud_X(g);%Magnitud_Y(g);%Magnitud_Z(g);%Magnitud_RMS(g)
Frecuencia(Hz);%Magnitud_X(g);%Magnitud_Y(g);%Magnitud_Z(g);%Magnitud_RMS(g)
Frecuencia(Hz);%Magnitud_X(g);%Magnitud_Y(g);%Magnitud_Z(g);%Magnitud_RMS(g)
Frecuencia(Hz);%Magnitud_X(g);%Magnitud_Y(g);%Magnitud_Z(g);%Magnitud_RMS(g)
Frecuencia(Hz);%Magnitud_X(g);%Magnitud_Y(g);%Magnitud_Z(g);%Magnitud_RMS(g)
Frecuencia(Hz);%Magnitud_X(g);%Magnitud_Y(g);%Magnitud_Z(g);%Magnitud_RMS(g)
Frecuencia(Hz);%Magnitud_X(g);%Magnitud_Y(g);%Magnitud_Z(g);%Magnitud_RMS(g)
Frecuencia(Hz);%Magnitud_X(g);%Magnitud_Y(g);%Magnitud_Z(g);%Magnitud_RMS(g)
Frecuencia(Hz);%Magnitud_X(g);%Magnitud_Y(g);%Magnitud_Z(g);%Magnitud_RMS(g)
Frecuencia(Hz);%Magnitud_X(g);%Magnitud_Y(g);%Magnitud_Z(g);%Magnitud_RMS(g)
Frecuencia(Hz);%Magnitud_X(g);%Magnitud_Y(g);%Magnitud_Z(g);%Magnitud_RMS(g)
Frecuencia(Hz);%Magnitud_X(g);%Magnitud_Y(g);%Magnitud_Z(g);%Magnitud_RMS(g)
Frecuencia(Hz);%Magnitud_X(g);%Magnitud_Y(g);%Magnitud_Z(g);%Magnitud_RMS(g)
Frecuencia(Hz);%Magnitud_X(g);%Magnitud_Y(g);%Magnitud_Z(g);%Magnitud_RMS(g)
Frecuencia(Hz);%Magnitud_X(g);%Magnitud_Y(g);%Magnitud_Z(g);%Magnitud_RMS(g)
Frecuencia(Hz);%Magnitud_X(g);%Magnitud_Y(g);%Magnitud_Z(g);%Magnitud_RMS(g)
Frecuencia(Hz);%Magnitud_X(g);%Magnitud_Y(g);%Magnitud_Z(g);%Magnitud_RMS(g)
Frecuencia(Hz);%Magnitud_X(g);%Magnitud_Y(g);%Magnitud_Z(g);%Magnitud_RMS(g)
Frecuencia(Hz);%Magnitud_X(g);%Magnitud_Y(g);%Magnitud_Z(g);%Magnitud_RMS(g)
Frecuencia(Hz);%Magnitud_X(g);%Magnitud_Y(g);%Magnitud_Z(g);%Magnitud_RMS(g)
Frecuencia(Hz);%Magnitud_X(g);%Magnitud_Y(g);%Magnitud_Z(g);%Magnitud_RMS(g)
Frecuencia(Hz);%Magnitud_X(g);%Magnitud_Y(g);%Magnitud_Z(g);%Magnitud_RMS(g)
Frecuencia(Hz);%Magnitud_X(g);%Magnitud_Y(g);%Magnitud_Z(g);%Magnitud_RMS(g)
Frecuencia(Hz);%Magnitud_X(g);%Magnitud_Y(g);%Magnitud_Z(g);%Magnitud_RMS(g)
Frecuencia(Hz);%Magnitud_X(g);%Magnitud_Y(g);%Magnitud_Z(g);%Magnitud_RMS(g)
Frecuencia(Hz);%Magnitud_X(g);%Magnitud_Y(g);%Magnitud_Z(g);%Magnitud_RMS(g)
Frecuencia(Hz);%Magnitud_X(g);%Magnitud_Y(g);%Magnitud_Z(g);%Magnitud_RMS(g)
Frecuencia(Hz);%Magnitud_X(g);%Magnitud_Y(g);%Magnitud_Z(g);%Magnitud_RMS(g)
Frecuencia(Hz);%Magnitud_X(g);%Magnitud_Y(g);%Magnitud_Z(g);%Magnitud_RMS(g)
Frecuencia(Hz);%Magnitud_X(g);%Magnitud_Y(g);%Magnitud_Z(g);%Magnitud_RMS(g)
Frecuencia(Hz);%Magnitud_X(g);%Magnitud_Y(g);%Magnitud_Z(g);%Magnitud_RMS(g)
Frecuencia(Hz);%Magnitud_X(g);%Magnitud_Y(g);%Magnitud_Z(g);%Magnitud_RMS(g)
Frecuencia(Hz);%Magnitud_X(g);%Magnitud_Y(g);%Magnitud_Z(g);%Magnitud_RMS(g)
Frecuencia(Hz);%Magnitud_X(g);%Magnitud_Y(g);%Magnitud_Z(g);%Magnitud_RMS(g)
Frecuencia(Hz);%Magnitud_X(g);%Magnitud_Y(g);%Magnitud_Z(g);%Magnitud_RMS(g)
Frecuencia(Hz);%Magnitud_X(g);%Magnitud_Y(g);%Magnitud_Z(g);%Magnitud_RMS(g)
Frecuencia(Hz);%Magnitud_X(g);%Magnitud_Y(g);%Magnitud_Z(g);%Magnitud_RMS(g)
Frecuencia(Hz);%Magnitud_X(g);%Magnitud_Y(g);%Magnitud_Z(g);%Magnitud_RMS(g)
Frecuencia(Hz);%Magnitud_X(g);%Magnitud_Y(g);%Magnitud_Z(g);%Magnitud_RMS(g)
Frecuencia(Hz);%Magnitud_X(g);%Magnitud_Y(g);%Magnitud_Z(g);%Magnitud_RMS(g)
Frecuencia(Hz);%Magnitud_X(g);%Magnitud_Y(g);%Magnitud_Z(g);%Magnitud_RMS(g)
Frecuencia(Hz);%Magnitud_X(g);%Magnitud_Y(g);%Magnitud_Z(g);%Magnitud_RMS(g)
Frecuencia(Hz);%Magnitud_X(g);%Magnitud_Y(g);%Magnitud_Z(g);%Magnitud_RMS(g)
Frecuencia(Hz);%Magnitud_X(g);%Magnitud_Y(g);%Magnitud_Z(g);%Magnitud_RMS(g)
Frecuencia(Hz);%Magnitud_X(g);%Magnitud_Y(g);%Magnitud_Z(g);%Magnitud_RMS(g)
Frecuencia(Hz);%Magnitud_X(g);%Magnitud_Y(g);%Magnitud_Z(g);%Magnitud_RMS(g)
Frecuencia(Hz);%Magnitud_X(g);%Magnitud_Y(g);%Magnitud_Z(g);%Magnitud_RMS(g)
Frecuencia(Hz);%Magnitud_X(g);%Magnitud_Y(g);%Magnitud_Z(g);%Magnitud_RMS(g)
Frecuencia(Hz);%Magnitud_X(g);%Magnitud_Y(g);%Magnitud_Z(g);%Magnitud_RMS(g)
Frecuencia(Hz);%Magnitud_X(g);%Magnitud_Y(g);%Magnitud_Z(g);%Magnitud_RMS(g)
